symbol,shares_outstanding
3IINFOLTD,207403767
AARTECH,31770375
AARTISURF,8470905
ABAN,58365323
ABINFRA,638789360
ABMINTLLTD,9408000
ACCURACY,150560000
AHLWEST,11651210
AKI,103205956
AKSHARCHEM,8033099
AKSHOPTFBR,162697971
ALPHAGEO,6364767
AMANTA,38829351
AMBALALSA,76633296
AMDIND,19166749
ANMOL,56914150
APTECHT,58002817
ARIES,13004339
ASAHISONG,11787262
ASMS,304576740
AVG,18708076
BAFNAPH,23656335
BASML,79921375
BGRENERGY,72161560
BHAGERIA,43644180
BHARATGEAR,15355058
BI,23545231
BILVYAPAR,31366175
BIRLAPREC,68387637
BLISSGVS,106330472
BTTL,58373305
BURNPUR,17224873
BYKE,52279300
CALSOFT,61828424
CAPTRUST,33875489
CFEL,25020000
CHEMBONDCH,26896576
CHEMCON,36630701
CONSOFINVT,32326366
COUNCODOS,77597300
CRSL,423144706
CTE,19250771
CURAA,9900000
CYBERMEDIA,20829721
CYBERTECH,30280593
DAMODARIND,23300000
DBSTOCKBRO,35000000
DELPHIFX,245267775
DHABRIYA,10824245
DIACABS,598071060
DIGJAMLMTD,20000000
DPSCLTD,973789640
DPWIRES,15500444
DSFCL,86992185
DSKULKARNI,10000000
DTIL,10507427
E2E,205457890
EASTSILK,5000000
EIFFL,24800000
EMAMIPAP,60499050
EMMBI,19240250
EQUIPPP,103095225
ESAFSFB,516018126
EUROTEXIND,11756350
EVERESTIND,15855754
FAIRCHEMOR,12595902
FLEXITUFF,32822806
FOCUS,67229575
GANESHBE,71989421
GATECH,1787408130
GATECHDVR,1292408130
GEECEE,20911729
GFSTEELS,30430000
GICL,111954588
GINNIFILA,85650065
GOLDTECH,52373239
GRADIENTE,332400000
GRAVISSHO,70519135
GULFPETRO,50984383
GVKPIL,1579210400
GVPTECH,184033597
HEG,192977530
HEXAGON,122918109
HFCL,1530263663
HITECHCORP,17175700
HITECHGEAR,18820044
HMVL,73671548
HYBRIDFIN,29436275
ICDSLTD,13026700
INDOAMIN,72587560
IVP,10326263
KALYANIFRG,3638000
KAMDHENU,281883000
KANORICHEM,43693333
KAUSHALYA,346306
KAVDEFENCE,60124260
KAYA,15187609
KCPSUGIND,114282557
KESORAMIND,310663663
KHADIM,18378382
KILITCH,34961564
KOTARISUG,82888581
KOTYARK,113070276
KRONOX,37104000
KSR,18378382
LADDERUP,10602477
LANCORHOL,73550560
LEENEE,55774000
LOTUSDEV,488723710
LYKALABS,36152711
MADHUCON,73794940
MAHASTEEL,16434400
MAJESAUT,10397478
MANAKSTEEL,65534050
MAZDA,20025000
MBECL,33333334
MEDICAMEQ,13562815
MEDICAPQ,12469956
MENONBE,56040000
MHLXMIRU,10620275
MICEL,297884978
MINALIND,191900650
MODISONLTD,32450000
MOLDTECH,28805118
MOMSBELIEF,20901682
MPDL,7412524
MTARTECH,30759591
MTEDUCARE,72228054
MUKKA,300000000
MUKTAARTS,22585200
NATCAPSUQ,10411154
NAVKARURB,1122090422
NECCLTD,104500000
NEUEON,565445520
NIRAJISPAT,600000
NRL,69068996
NURECA,9998488
OCCLLTD,49950460
OILCOUNTUB,56184530
OMFREIGHT,33675442
ONELIFECAP,37360000
ONMOBILE,106321351
ORBTEXP,25620330
ORIENTLTD,10000000
OSIAHYPER,164573900
PANACHE,16014000
PAR,12304636
PARSVNATH,435181170
PATINTLOG,64185746
PIONRINV,12296908
PKTEA,3095879
PPAP,14152987
PPL,23922227
PREMIER,32025499
PRIORITY,18000000
PRITIKAUTO,166512667
PRUDMOULI,32252000
QMSMEDI,19337443
RADHIKAJWE,118126508
RAJOOENG,178675293
RAJRILTD,563089836
RAMASTEEL,1636040980
RBZJEWEL,40000000
RCOM,2764432389
RELINFRA,408181194
REPL,18122500
RMDRIP,428228571
RNBDENIMS,285588029
ROLLT,250130000
RPPL,74244000
RSWM,47101684
SADHNANIQ,3032194385
SANGINITA,25901550
SCPL,10500000
SETCO,134108084
SEYAIND,29841988
SHAHALLOYS,19797540
SHALPAINTS,83711178
SHARDUL,87492165
SHEKHAWATI,34470000
SHEMAROO,28730299
SHYAMCENT,212172990
SICALLOG,79784870
SIGIND,29437000
SIGMAADV,176239705
SIKKO,436800000
SMARTLINK,9975000
SONAMLTD,40032000
SPECIALITY,48235657
SPECTRUM,17087465
SREEL,23155012
STALLION,116085738
STERTOOLS,36344426
STLTECH,514057433
SUNDRMBRAK,3934575
SUPERSPIN,56026120
SUPTANERY,107973360
SUTLEJTEX,166017754
SWANDEF,52682150
SWARAJ,26418260
SWISSMLTRY,236138290
SYSTMTXC,136746784
TICL,155000000
TIJARIA,29015176
TIL,82443816
TIRUPATIFL,126630000
TOTAL,16126974
TPHQ,1096219600
TRANSPEK,5585569
TRANSWORLD,21957533
TVVISION,38744500
UCAL,22113625
UFBL,39117661
UMAEXPORTS,33809830
UNIVASTU,35986770
UNIVPHOTO,10946604
URAVIDEF,11400000
UYFINCORP,190238329
VALIANTLAB,54312500
VALIANTORG,28034610
VARDHACRLC,80363747
VCL,183752220
VENUSREM,13382692
VETO,19114956
VHLTD,76781956
VIJIFIN,221000000
VIPULLTD,140959480
VIVIMEDLAB,82913915
WELINV,3666538
AGSTRA,128106004
ANKITMETAL,141110500
ANSALAPI,157404876
ARSHIYA,263475915
ASTRON,47262296
COMPINFO,87318090
DHARAN,5228758452
FEL,494305080
FELDVR,494305080
FLFL,201774874
GENSOL,38446368
GOLDENTOBC,17680630
HDIL,474003986
HMT,355601640
IL&FSENGG,131121078
IL&FSTRANS,328960027
IMPEXFERRO,89349856
LAKPRE,22735932
MEP,183446052
RAJESHEXPO,295259959
RHFL,487946073
SANWARIA,1387265385
SETUINFRA,128900780
SHRENIK,612000000
SIMBHALS,42441810
SITINET,1154882125
SUPREMEENG,249950000
20MICRONS,35286502
21STCENMGM,10500000
360ONE,407914200
3MINDIA,11265070
5PAISA,46879257
63MOONS,46078537
A2ZINFRA,177522358
AAATECH,12826800
AADHARHFC,438393157
AAKASH,101250000
AAREYDRUGS,33354303
AARON,20946478
AARTIDRUGS,91270000
AARTIIND,362726695
AARTIPHARM,90679813
AARVI,14810700
AAVAS,79294327
ABANSENT,69748880
ABB,211908375
ABBOTINDIA,21249302
ABCAPITAL,2737726904
ABCOTS,21963620
ABDL,279710151
ABFRL,1216777241
ABLBL,1214638186
ABMKNO,20002200
ABREL,110577844
ABSLAMC,289375135
ACC,187787263
ACCELYA,14926261
ACE,119027888
ACEINTEG,10200000
ACI,123458394
ACL,92172140
ACMESOLAR,706291446
ACUTAAS,81871122
ADANIENSOL,1222954468
ADANIENT,1353722600
ADANIGREEN,1647176155
ADANIPORTS,2303959098
ADANIPOWER,19284694705
ADDIND,10796574
ADFFOODS,109863595
ADL,5566250
ADOR,17402815
ADROITINFO,54628520
ADSL,56650603
ADVAIT,10936777
ADVANCE,64285720
ADVANIHOTR,92438500
ADVENTHTL,53942887
ADVENZYMES,110517246
AEGISLOG,351000000
AEGISVOPAK,1107991489
AEPL,251036900
AEQUS,654854135
AEROENTER,113164200
AEROFLEX,132330768
AERONEU,25796000
AEROPLANE,103551556
AETHER,132727845
AFCONS,367784631
AFFLE,140740451
AFFORDABLE,11851105
AFIL,426749960
AFSL,51215124
AGARIND,14957789
AGARWALEYE,317026183
AGI,64697381
AGIIL,124997388
AGL,982782096
AGRITECH,5940000
AGROPHOS,20274115
AHCL,531515000
AHLADA,12921000
AHLEAST,17291696
AHLUCONT,66987560
AIAENG,93320370
AIIL,849225500
AIRAN,125020000
AIROLAM,15002000
AJANTPHARM,124959024
AJAXENGG,114411316
AJMERA,196795650
AJOONI,172243598
AKASH,16862534
AKCAPIT,6600000
AKG,31776576
AKSHAR,787468500
AKUMS,153102058
ALANKIT,271158100
ALBERTDAVD,5707162
ALEMBICLTD,256781828
ALGOQUANT,281096028
ALICON,16336840
ALIVUS,122771448
ALKALI,10182506
ALKEM,119565000
ALKYLAMINE,51148224
ALLCARGO,1497778469
ALLDIGI,15238326
ALLTIME,65507778
ALMONDZ,174899756
ALOKINDS,4965240401
ALPA,21040600
ALPINETEX,38247000
AMAGI,216338944
AMARJOTHI,6750000
AMBER,35267767
AMBICAAGAR,17177400
AMBIKCO,5725000
AMBUJACEM,2484817186
AMJLAND,41000000
AMNPLST,55020000
AMRUTANJAN,28900081
ANANDRATHI,166041268
ANANTRAJ,359876930
ANDHRAPAP,198850195
ANDHRSUGAR,135535390
ANDREWYU,488950978
ANGELONE,914036506
ANIKINDS,27753486
ANNAPURNA,21820000
ANNU,65492670
ANSALBU,7383843
ANTELOPUS,35162358
ANTGRAPHIC,155009600
ANTHEM,561713851
ANUHPHR,100224000
ANUP,20031466
ANURAS,113848310
APARINDS,41872337
APCL,29374764
APCOTEXIND,51844960
APEX,31250000
APLAPOLLO,277658405
APLLTD,196563124
APOLLO,371599512
APOLLOHOSP,143784657
APOLLOPIPE,43919356
APOLLOTYRE,632581334
APOLSINHOT,2600400
APOORVA,19974900
APTUS,500830236
AQYLON,253730560
ARCHIDPLY,20002967
ARCHIES,33780000
ARCL,8000000
ARDEE,315200950
ARE&M,183025364
ARENTERP,3233841
ARFIN,168722482
ARIHANT,10862497
ARIHANTCAP,109612400
ARIHANTSUP,43249991
ARIS,81793846
ARKADE,185663617
ARMANFIN,10546332
AROGRANITE,15300000
ARROWGREEN,15087938
ARSSBL,63066400
ARTNIRMAN,24956000
ARVEE,11020000
ARVIND,272040630
ARVINDFASN,133729489
ARVSMART,45866979
ARYAMAN,12247000
ASAHIINDIA,254927192
ASAL,15864397
ASALCBR,20079200
ASHAPURMIN,95526098
ASHIANA,100524857
ASHIMASYN,191660078
ASHOKA,280723217
ASHOKAMET,24996000
ASHOKLEY,5873854552
ASIANENE,48591378
ASIANHOTNR,42633229
ASIANPAINT,958644295
ASIANTILES,296475285
ASIANTNE,24941800
ASKAUTOLTD,197142600
ASPINWALL,7818288
ASTAR,16006800
ASTEC,22282238
ASTERDM,871672439
ASTRAL,268650163
ASTRAMICRO,94945008
ASTRAZEN,25000000
ATALREAL,123896250
ATAM,11463000
ATGL,1099810083
ATHERENERG,396603751
ATL,291859323
ATLANTAA,81500000
ATLANTAELE,76896625
ATLASCYCLE,6503838
ATUL,29441755
ATULAUTO,27751280
AUBANK,749415850
AURIONPRO,53799664
AUROPHARMA,575377895
AURUM,76736194
AURUS,29484000
AUSOMENT,13623552
AUTOAXLES,15111975
AUTOIND,45375401
AVADHSUGAR,20018420
AVALON,66882300
AVANCE,1981917430
AVANTEL,265775866
AVANTIFEED,136245630
AVL,129138050
AVONMORE,282184741
AVROIND,13417140
AVTNPL,152284000
AWFIS,71563186
AWHCL,28371681
AWL,1291817635
AXISBANK,3113494427
AXISCADES,42533489
AXITA,382673533
AYE,244563725
AYMSYNTEX,58787883
AZAD,64581743
AZADIND,54443154
BAGFILMS,217918090
BAIDFIN,162092206
BAJAJ-AUTO,274803838
BAJAJCON,130618321
BAJAJELEC,115423636
BAJAJFINSV,1600244726
BAJAJHCARE,33665161
BAJAJHFL,8328662006
BAJAJHIND,2388886041
BAJAJHLDNG,111293510
BAJAJINDEF,32000000
BAJEL,115696935
BAJFINANCE,6220913102
BALAJEE,81570852
BALAJITELE,121902291
BALAMINES,32401000
BALAXI,55207500
BALKRISHNA,32219532
BALKRISIND,193317190
BALMLAWRIE,171003846
BALPHARMA,15920872
BALRAMCHIN,211597496
BALUFORGE,121391900
BANARBEADS,6597522
BANARISUG,12539700
BANCOINDIA,143037300
BANDHANBNK,1611147348
BANG,13560000
BANKA,10922432
BANKBARODA,5171362179
BANKINDIA,4552667866
BANSALWIRE,156555952
BANSWRAS,34232084
BASF,43285640
BATAINDIA,128527540
BATLIBOI,47226840
BAYERCROP,44942092
BBL,11303120
BBOX,177599205
BBTC,69771900
BBTCL,20511240
BCG,2018521873
BCLIND,295163340
BCONCEPTS,12481877
BCPL,16723638
BDL,366562500
BEARDSELL,39437000
BECTORFOOD,306702212
BEDMUTHA,32263884
BEL,7309778829
BELLACASA,13387500
BELRISE,967151919
BEML,83289000
BENARAS,1300000
BEPL,248858460
BERGEPAINT,1166002812
BESTAGRO,354671100
BETA,10136890
BFINVEST,37667628
BFUTILITIE,37667628
BHAGCHEM,129669080
BHAGYANGR,33496434
BHANDARI,332956433
BHARATFORG,478088632
BHARATRAS,16621072
BHARATSE,62800000
BHARATWIRE,68782985
BHARTIARTL,6238658094
BHARTIHEXA,500000000
BHEL,3482063355
BIGBLOC,141575750
BIKAJI,250736400
BIL,13410411
BIMETAL,3825000
BIOCON,1628293737
BIOFILCHEM,16273800
BIRLACABLE,30000000
BIRLACORPN,77005347
BIRLAMONEY,56509201
BIRLANU,7540899
BLACKBUCK,182240745
BLAL,41644500
BLBLIMITED,52865258
BLIL,221972690
BLKASHYAP,225482408
BLS,411522253
BLSE,90654077
BLUECOAST,19679557
BLUEDART,23727934
BLUEJET,173465425
BLUESTARCO,205592636
BLUESTONE,152778705
BLUSPRING,149502111
BMWVENTLTD,86715000
BNAGROCHEM,97772941
BODALCHEM,125944065
BOHRAIND,21172152
BOMDYEING,206534900
BONLON,16383358
BORANA,26645295
BOROLTD,119587629
BORORENEW,147183709
BOROSCI,88947050
BOSCH-HCIL,27190884
BOSCHLTD,29496100
BPCL,4272584874
BPL,48975751
BRIGADE,326162379
BRIGHOTEL,379842565
BRIGHTBR,5680235
BRITANNIA,240868296
BRNL,83950000
BROOKS,29457248
BSE,406129077
BSHSL,104937280
BSL,10292168
BSOFT,279647056
BTML,181697777
BUILDPRO,24249326
BUTTERFLY,17879551
BVCL,22160000
CAMLINFINE,192091613
CAMPUS,305679721
CAMS,248418378
CANBK,9070651260
CANFINHOME,133154591
CANHLIFE,947484925
CANTABIL,83638040
CAPACITE,84604043
CAPILLARY,79471983
CAPITALSFB,45465185
CAPLIPOINT,76011696
CARBORUNIV,190505384
CARERATING,30087146
CARRARO,56851538
CARTRADE,48614885
CARYSIL,28442606
CASTROLIND,989122384
CCAVENUE,3481019690
CCCL,446759451
CCHHL,163464735
CCL,133342124
CDSL,209000000
CEATLTD,40450092
CEIGALL,174204861
CEINSYS,20937661
CELEBRITY,64548346
CELLO,220885034
CEMPRO,171787584
CENTENKA,21850589
CENTEXT,87913618
CENTRALBK,9051401274
CENTRUM,474507460
CENTUM,14762016
CENTURYPLY,222172990
CERA,12894976
CESC,1325570430
CEWATER,20696233
CGCL,962153962
CGPOWER,1575468309
CGVAK,5050200
CHALET,218994127
CHAMBLFERT,400652297
CHEMBOND,13448288
CHEMCRUX,14808840
CHEMFAB,14373702
CHEMPLASTS,158109574
CHENNPETRO,148911400
CHEVIOT,5841875
CHOICEIN,222776500
CHOLAFIN,854013036
CHOLAHLDNG,187777462
CIEINDIA,379362377
CIFL,391056300
CINELINE,38112587
CINEVISTA,57436475
CIPLA,807858447
CLEAN,106284121
CLEANMAX,117271170
CLEDUCATE,54292947
CLSEL,49725620
CMLL,65375785
CMSINFO,160063415
CNL,15016675
COALINDIA,6162728327
COASTCORP,66977230
COCHINSHIP,263080780
COFFEEDAY,211251719
COFORGE,442978090
COHANCE,382597330
COLPAL,271985634
COMFINTE,319938080
COMPEAU,6146000
COMPUSOFT,79125188
COMSYN,40339200
CONCOR,761617935
CONCORDBIO,104616204
CONFIPET,332241043
CONTROLPR,15994212
CORALFINAC,40302225
CORDELIA,723945430
CORDSCABLE,12927780
COROMANDEL,294541099
COSMOFIRST,25958155
CPCAP,18199006
CPEDU,18192939
CPPLUS,118300435
CRAFTSMAN,26154433
CRAMC,199417428
CREATIVEYE,20058250
CREDITACC,160259533
CREST,28268775
CRESTO,10211300
CRISIL,73130017
CRIZAC,174982500
CROMPTON,643914875
CROWN,11590000
CSBBANK,169477587
CSLFINANCE,22487484
CSM,51603472
CUB,990787237
CUBEXTUB,14318975
CUMMINSIND,277200000
CUPID,1344660700
CYIENT,104101639
CYIENTDLM,79364396
DABUR,1773957026
DALBHARAT,187728794
DALMIASUG,80939303
DAMCAPITAL,70686000
DANGEE,153975000
DATAMATICS,59106389
DATAPATTNS,55983969
DAVANGERE,1695895798
DBCORP,178254679
DBEIL,465808600
DBL,162444833
DBOL,65788590
DBREALTY,542406761
DCAL,156783095
DCBBANK,322178962
DCI,16400000
DCM,18677749
DCMFINSERV,22125054
DCMNVL,18677749
DCMSHRIRAM,154854814
DCMSIL,86992185
DCMSRIND,86992185
DCW,295155017
DCXINDIA,111386427
DDEVPLSTIK,103476664
DECCANCE,14007500
DECNGOLD,200970715
DEEDEV,75239438
DEEP,24180000
DEEPA,96124293
DEEPAKFERT,126365329
DEEPAKNTR,136393041
DEEPINDS,64000000
DELHIVERY,749294369
DELTACORP,267771097
DELTAMAGNT,10851120
DEN,476765914
DENORA,5308634
DENTA,26700000
DEVIT,56987659
DEVX,94631955
DEVYANI,1232939791
DGCONTENT,58022421
DHAMPURSUG,64306509
DHANBANK,394698851
DHANUKA,44578324
DHARMAJ,33797296
DHATRE,108954500
DHOOTTRANS,204548057
DHRUV,18966569
DHUNINV,6097178
DIAMINESQ,10055519
DIAMONDYD,23929955
DICIND,9178977
DIFFNKG,37126259
DIGIDRIVE,38561898
DIGISPICE,208603263
DIGITIDE,149179830
DISHTV,1841256154
DIVGIITTS,30582927
DIVISLAB,265468580
DIXON,60801893
DJML,35929249
DLF,2475311706
DLINKINDIA,35504850
DMART,652245977
DMCC,24939933
DNAMEDIA,117708018
DODLA,60327809
DOLATALGO,176000000
DOLLAR,56716120
DOLLEX,39948800
DOLPHIN,40004580
DOMS,60688336
DONEAR,52000000
DPABHUSHAN,22827920
DRCSYSTEMS,144081330
DREAMFOLKS,53269862
DREDGECORP,28000000
DRREDDY,832988625
DSSL,12737080
DUCON,574868346
DVL,35024754
DWARKESH,185301470
DYCL,48458638
DYNAMATECH,6791443
DYNPRO,12428387
EASEMYTRIP,3984650000
EBGNG,114011517
ECLERX,92025272
ECORECO,19296750
ECOSMOBLTY,60000000
EDELWEISS,946531653
EFCIL,147946162
EICHERMOT,274521706
EIDPARRY,177955692
EIEL,175530000
EIHAHOTELS,60936294
EIHOTEL,625364182
EIMCOELECO,5768385
EKC,112207682
ELANTAS,7927682
ELDEHSG,9833000
ELECON,224399930
ELECTCAST,618184591
ELECTHERM,12742814
ELGIEQUIP,315241478
ELGIRUBCO,50050000
ELIN,49709220
ELLEN,140935600
ELPROINTL,169479130
EMAMILTD,436500000
EMAMIREAL,52033889
EMBDL,1390033433
EMCURE,189710647
EMIL,384748762
EMKAY,27925580
EMMVEE,692345033
EMPOWER,1163798560
EMSLIMITED,55530807
EMUDHRA,82043531
ENDURANCE,140662848
ENERGYDEV,47500000
ENGINERSIN,562042373
ENIL,47670415
ENRIN,356120505
ENTERO,43523072
EPACK,96276695
EPACKPEB,100631006
EPIGRAL,43141338
EPL,320314159
EQUITASBNK,1144126917
ERIS,138583305
ESABINDIA,15393020
ESCORTS,110027390
ESDS,117210969
ESSARSHPNG,207884526
ESSENTIA,1755283254
ESTER,104295042
ETERNAL,9205393097
ETHOSLTD,26757693
EUREKAFORB,193636816
EUROBOND,24500000
EUROPRATIK,102200000
EVEREADY,72687260
EXCELINDUS,12570692
EXCELSOFT,115084164
EXICOM,139079771
EXIDEIND,850000000
EXPLEOSOL,15519739
EXXARO,447410700
FABTECH,44450794
FACT,647071974
FAZE3Q,24270922
FCL,1164500900
FCSSOFT,1709553100
FDC,162810084
FEDDERSHOL,201415970
FEDERALBNK,2470277782
FEDFINA,375141782
FERMENTA,28670688
FIBERWEB,28791710
FIEMIND,26319660
FILATEX,444058375
FILATFASH,8334072725
FINCABLES,152939345
FINEORG,30659976
FINKURVE,140143988
FINOPB,83218402
FINPIPE,618313905
FIRSTCRY,485236384
FISCHER,684407253
FIVESTAR,295195658
FLAIR,105395378
FLUOROCHEM,109850000
FMGOETZE,55632130
FMNL,66762955
FOODSIN,73531558
FORCEMOT,13176262
FORTIS,754958148
FOSECOIND,7574647
FRACTAL,171965112
FREDUN,16809270
FRONTSP,11815533
FSL,690535266
FUSION,161716337
GABRIEL,191634227
GAEL,458670660
GAIL,6575079643
GALAPREC,12816200
GALAXYSURF,36574793
GALLANTT,241280945
GANDHAR,97879530
GANDHITUBE,11283900
GANECOS,26737394
GANESHCP,40412946
GANESHHOU,83387090
GANGAFORGE,337005575
GANGESSECU,10003687
GARFIBRES,97648345
GARUDA,93041742
GATEWAY,499643836
GAUDIUMIVF,72786884
GAYAHWS,239651900
GAYAPROJ,464299000
GCSL,23485380
GEEKAYWIRE,104520000
GEMAROMA,52237138
GENCON,56986219
GENESYS,66864603
GENUSPAPER,257125940
GENUSPOWER,276598765
GEOJITFSL,279122119
GESHIP,141311746
GFLLIMITED,109800000
GHCL,91664382
GHCLTEXTIL,95585786
GICHSGFIN,53851066
GICRE,1754400000
GILLANDERS,21342346
GILLETTE,32585217
GIPCL,155215944
GKB,5040580
GKENERGY,202817266
GKSL,78842866
GKWLIMITED,5966500
GLAND,165010854
GLAXO,169406034
GLENMARK,282224672
GLFL,27125767
GLOBAL,50901500
GLOBALE,10620275
GLOBALVECT,14000000
GLOBE,450418788
GLOBECIVIL,59718999
GLOBUSSPR,31461293
GLOSTERLTD,10943260
GLOTTIS,92403000
GMBREW,22846923
GMDCLTD,318000000
GMMPFAUDLR,44957224
GMRAIRPORT,10558975952
GMRP&UI,781017529
GNA,42930800
GNFC,146940683
GNRL,128402632
GOACARBON,9151052
GOCLCORP,49572490
GOCOLORS,52595984
GODAVARIB,51175977
GODFRYPHLP,155981760
GODIGIT,924499031
GODREJAGRO,192411390
GODREJCP,1023304953
GODREJIND,336851055
GODREJPROP,301226497
GOKEX,73277628
GOKUL,98995000
GOKULAGRO,295086716
GOLDIAM,150557125
GOODLUCK,99715527
GOODYEAR,23066507
GOPAL,124666819
GOYALALUM,142732780
GPIL,650738965
GPPL,483625818
GPTHEALTH,82054823
GPTINFRA,126364600
GRANDOAK,518883550
GRANULES,272779827
GRAPHITE,195375594
GRASIM,678252757
GRAUWEIL,453411500
GRAVITA,72836912
GREAVESCOT,232951434
GREENLAM,255147702
GREENPANEL,122627395
GREENPLY,124902045
GREENPOWER,1173031669
GRINDWELL,110720000
GRINFRA,96760529
GRMOVER,207523860
GROBTEA,1162330
GROWW,6191576922
GRPLTD,5333332
GRSE,114552000
GRWRHITECH,23232394
GSFC,398477530
GSLSU,42381818
GSPCROP,46518750
GSS,25806843
GTECJAINX,10189098
GTL,157296781
GTLINFRA,12809411532
GTPL,112463038
GUFICBIO,100282506
GUJALKALI,73436928
GUJAPOLLO,12970000
GUJENERGY,938230849
GUJTHEM,130151705
GULFOILLUB,49555526
GULPOLY,62183424
GVPIL,67227471
GVT&D,256046535
GYFTR,76808250
HAL,668775000
HALDER,12438135
HALEOSLABS,3023287
HAPPSTMNDS,150261936
HAPPYFORGE,94401146
HARDWYN,683807676
HARIOMPIPE,30967289
HARRMALAYA,18455405
HARSHA,91044105
HATHWAY,1770104500
HATSUN,222748268
HAVELLS,627561652
HAVISHA,303341789
HAWKINCOOK,5287815
HAZOOR,288172000
HBLENGINE,277194946
HBPOR,10764230
HBSL,7137665
HCC,2619468062
HCG,149302203
HCL-INSYS,329209928
HCLTECH,2705766714
HDBFS,828454614
HDFCAMC,429073398
HDFCBANK,15416579832
HDFCLIFE,2172049147
HEADSUP,22082609
HEALTHX,31810500
HECPROJECT,10838160
HEIDELBERG,226631309
HEMIPROP,285124736
HERANBA,40013467
HERITGFOOD,92796000
HEROMOTOCO,200141207
HESTERBIO,8506865
HEXATRADEX,55244704
HEXT,609791999
HGINFRA,65171111
HGM,12594972
HGS,46520285
HIKAL,123300750
HILINFRA,71720632
HILTON,51466551
HIMATSEIDE,125742289
HINDADH,5116300
HINDALCO,2219837078
HINDCOMPOS,14769000
HINDCON,51190625
HINDCOPPER,967024020
HINDOILEXP,132243289
HINDPETRO,2127822517
HINDUNILVR,2349591262
HINDWAREAP,83646357
HINDZINC,4225319000
HIRECT,34372239
HISARMETAL,5400000
HITECH,202710234
HLEGLAS,69454739
HLVLTD,659259899
HMAAGRO,500769770
HNDFDS,121309002
HOMEFIRST,104563142
HONASA,326024216
HONAUT,8847359
HONDAPOWER,10143071
HORIZONIND,2882902834
HPAL,91874735
HPIL,11424110
HPL,64300486
HRYNSHP,6166667
HSCL,504574175
HTEL,94852594
HTMEDIA,231320042
HUBTOWN,142100657
HUDCO,2001900000
HUHTAMAKI,75521934
HYUNDAI,812541100
IBULLSLTD,2241202216
ICEMAKE,15779736
ICICIAMC,494258520
ICICIBANK,7177767388
ICICIGI,499608275
ICICIPRULI,1450782117
ICIL,198054340
ICRA,9625105
IDBI,10752402175
IDEA,108343035001
IDEAFORGE,49708506
IDFCFIRSTB,8622196236
IEX,889727189
IFBAGRO,9367111
IFBIND,40518796
IFCI,2694314331
IFGLEXPOR,72078624
IGARASHI,31475048
IGCL,63223997
IGIL,432159696
IGL,1400001600
IGPL,30794850
IIFL,425289575
IIFLCAPS,315178863
IITL,20924728
IKIO,77280701
IKS,167757449
IMAGICAA,565873947
IMFA,53954106
IMPAL,12480000
INA,220449375
INCREDIBLE,46763750
INDBANK,44378200
INDGN,240807964
INDHOTEL,1446605715
INDIACEM,464845219
INDIAGLYCO,67026765
INDIAMART,601426988
INDIANB,1346963981
INDIANCARD,5941120
INDIANHUME,52681770
INDIASHLTR,109167317
INDIGO,386666597
INDIGOPNTS,47732637
INDIQUBE,211997635
INDNIPPON,22621424
INDOBORAX,32090000
INDOCO,92173705
INDOFARM,48051600
INDOKEM,27888255
INDOMIM,494480907
INDORAMA,261113151
INDOSTAR,161670107
INDOTECH,10620000
INDOTHAI,128618190
INDOUS,20052000
INDOWIND,161002170
INDRAMEDCO,91673000
INDSWFTLAB,86961558
INDTERRAIN,50667367
INDUSINDBK,779144712
INDUSTOWER,2637202542
INFOBEAN,96959440
INFOMEDIA,50194172
INFY,4050343559
INGERRAND,31568000
INNOVACAP,57224929
INNOVANA,20660000
INNOVISION,23813294
INOXGREEN,401492045
INOXINDIA,90922459
INOXWIND,1728237822
INSECTICID,29097837
INSPIRISYS,39616873
INTELLECT,139520898
INTENTECH,23356353
INTERARCH,16817032
INTLCONV,63781000
INVENTURE,1050000000
IOB,19256589795
IOC,14121238383
IOLCP,293527510
IONEXCHANG,122930450
IPCALAB,253704218
IPL,115163508
IPRINGLTD,12675865
IRB,12078000000
IRCON,940515740
IRCTC,800000000
IREDA,2809231268
IRFC,13068506000
IRIS,20568247
IRISDOREME,190331470
IRMENERGY,41059677
ISFT,16311678
ISGEC,73529510
ISHANCH,27327529
ISTLTD,11664112
ITC,12530517081
ITCHOTELS,2083005769
ITDC,85769400
ITI,962851967
IVALUE,54630380
IVC,314032740
IWP,63972720
IXIGO,441044262
IZMO,14980321
J&KBANK,1101182463
JAGRAN,217654272
JAGSNPHARM,65957420
JAIBALAJI,912251430
JAICORPLTD,175504995
JAINREC,345085814
JAIPURKURT,19090714
JAMNAAUTO,399985135
JARO,22270387
JASH,62905120
JAYAGROGN,30000000
JAYBARMARU,108250000
JAYKAY,130287066
JAYNECOIND,970998244
JAYSREETEA,28877488
JBMA,236494264
JETFREIGHT,46403784
JGCHEM,39186063
JHS,87405767
JINDALPHOT,10297466
JINDALPOLY,43786413
JINDALSAW,637621094
JINDALSTEL,1017488097
JINDRILL,28981104
JINDWORLD,1002602000
JIOFIN,6603141623
JISLDVREQS,733510251
JISLJALEQS,733510251
JITFINFRA,25703706
JKCEMENT,77268251
JKIL,75665506
JKIPL,38386000
JKLAKSHMI,124144426
JKPAPER,181318771
JKTYRE,288289511
JLHL,327830110
JMA,22841054
JMFINANCIL,956959936
JNKINDIA,55953915
JNPR,568998442
JOCIL,8881150
JPOLYINVST,10511929
JPPOWER,6853458827
JSFB,105822096
JSL,823949824
JSLL,124300730
JSWCEMENT,1350345020
JSWDULUX,45540314
JSWENERGY,1832372944
JSWHL,11098438
JSWINFRA,2315161753
JSWSTEEL,2440978228
JTEKTINDIA,277396890
JTLIND,393081630
JUBLCPL,15152493
JUBLFOOD,657674557
JUBLINGREA,157716549
JUBLPHARMA,158387168
JUNIPER,222502384
JUSTDIAL,85049032
JWL,427370389
JYOTHYLAB,367214511
JYOTICNC,227423096
JYOTIRES,12000000
JYOTISTRUC,1193659937
KABRAEXTRU,34972836
KAJARIACER,157143050
KAKATCEM,7773858
KALAMANDIR,147349967
KALPATARU,205926918
KALYANKJIL,1032750972
KAMANWALA,14093160
KAMATHOTEL,29480072
KAMOPAINTS,329000000
KANANIIND,197868000
KANCHI,4343891
KANPRPLA,24478958
KANSAINER,808778779
KAPSTON,30432184
KARMAENG,11569918
KARURVYSYA,966667248
KAYNES,67222491
KCP,128921160
KDDL,12299280
KDGREEN,101510500
KEC,266200000
KECL,66414071
KEEPLEARN,155712083
KEI,95600595
KELLTONTEC,527804670
KENNAMET,21978240
KERNEX,16803622
KEYFINSERV,5566637
KFINTECH,172872079
KHAICHEM,96989200
KHAITANLTD,5020918
KHANDSE,15253805
KICL,4365306
KIMS,407841117
KINGFA,13551381
KIOCL,607751097
KIRIINDUS,65168000
KIRLFER,165151254
KIRLOSBROS,79408926
KIRLOSENG,145519854
KIRLOSIND,165151254
KIRLPNU,129926380
KISSHT,177269272
KITEX,199500000
KJMCFIN,4785740
KKCL,61625185
KMCSHIL,163085000
KMEW,25364317
KMSUGAR,92000170
KNACK,122365164
KNAGRI,24998910
KNRCON,281234600
KOHINOOR,37071530
KOKUYOCMLN,100303806
KOLTEPATIL,88680094
KOPRAN,48326105
KOTAKBANK,9947881278
KOTHARIPET,58846400
KOTHARIPRO,59687730
KOTIC,108021773
KOVAI,10942262
KPEL,67798099
KPIGREEN,197671968
KPIL,170772546
KPITTECH,272227219
KPRMILL,342522549
KRBL,228889892
KREBSBIO,21560586
KRIDHANINF,111579205
KRISHANA,309138000
KRISHIVAL,25628301
KRISHNADEF,14933388
KRITI,52696000
KRITIKA,266280000
KRITINUT,50103520
KRN,65458486
KROSS,64509422
KRSNAA,32438672
KRYSTAL,13971952
KSB,174039220
KSCL,51040869
KSE,32000000
KSHINTL,67755700
KSHITIJPOL,154244874
KSL,43759380
KSOLVES,23720400
KTKBANK,378181464
KUANTUM,87263630
KWIL,2349591263
LAGNAM,17669000
LAHOTIOV,29171500
LAL,172736551
LALITHAA,559709811
LALPATHLAB,166977774
LAMBODHARA,10377600
LANCER,371782236
LANDMARK,41464910
LANDSMILL,1410695055
LAOPALA,111000000
LASERPOWER,140368342
LATENTVIEW,207083230
LATTEYS,57495825
LAURUSLABS,540312218
LAXMICOT,17147670
LAXMIDENTL,55037331
LAXMIINDIA,52393078
LCCINFOTEC,168593350
LCCPROJECT,289671232
LCL,105650000
LEAPIND,440536458
LEMERITE,125168000
LEMONTREE,791847623
LENSKART,1731440176
LEXUS,20190724
LFIC,3000000
LGBBROSLTD,31896872
LGEINDIA,678772392
LGHL,50092560
LIBAS,26344580
LIBERTSHOE,17040000
LICHSGFIN,550063000
LICI,12649995402
LIKHITHA,39472710
LINC,59505603
LINCOLN,20029728
LINDEINDIA,85284223
LLOYDSENGG,1549557859
LLOYDSENT,1526551945
LLOYDSME,562731642
LMW,10683000
LODHA,999223237
LOKESHMACH,21796770
LORDSCHLO,28653861
LOTUSCHO,12841049
LOTUSEYE,21257465
LOVABLE,14800000
LOYALTEX,4816446
LPDC,134143160
LT,1375866086
LTF,2506352570
LTFOODS,347252944
LTM,296461217
LTTS,106086268
LUMAXIND,9347732
LUMAXTECH,68157705
LUPIN,457289972
LUXIND,30071681
LXCHEM,277914693
M&M,1200762264
M&MFIN,1389624195
MAANALU,59984864
MACPOWER,10004160
MADHAV,8947000
MADHAVIPL,269581560
MADRASFERT,161101300
MAFATIND,72178930
MAGADSUGAR,14091630
MAGNUM,68411317
MAHABANK,7691554950
MAHAPEXLTD,28183792
MAHEPC,28077040
MAHESHWARI,29043987
MAHLIFE,213584349
MAHLOG,99277402
MAHSCOOTER,11428568
MAHSEAMLES,133999252
MAITHANALL,29111550
MAKERSL,5900376
MALLCOM,6240000
MALUPAPER,17474505
MAMATA,24607800
MANAKALUCO,65534050
MANAKCOAT,106634050
MANAKSIA,65534050
MANALIPETC,171999229
MANAPPURAM,939336102
MANBA,50239410
MANCREDIT,21113986
MANGALAM,15828248
MANGLMCEM,27497298
MANINDS,75009571
MANINFRA,397773215
MANIPALHOS,1315377202
MANKIND,413045090
MANOMAY,18048735
MANORAMA,63122390
MANORG,8564440
MANUGRAPH,31337300
MANYAVAR,242977245
MAPMYINDIA,54761056
MARALOVER,41508000
MARATHON,67444551
MARICO,1297977056
MARINE,139944410
MARKOLINES,22040920
MARKSANS,453163746
MARSONS,172100000
MARUTI,314402574
MASFIN,181453377
MASKINVEST,3051500
MASTEK,31006376
MASTERTR,123016000
MATRIMONY,20673393
MAWANASUG,39116864
MAXESTATES,163579866
MAXHEALTH,973310251
MAXIND,56202456
MAYURUNIQ,43452600
MAZDOCK,403380000
MBAPL,438134700
MBEL,57160718
MBLINFRA,155879256
MCL,27142800
MCLEODRUSS,104455735
MCLOUD,589067120
MCX,254514090
MEDANTA,268718832
MEDIASSIST,74701842
MEDICO,82984000
MEDPLUS,120087613
MEESHO,4627292177
MEGASTAR,11293700
MEIL,27630124
MERCURYEV,189973058
METROBRAND,272592741
METROGLOBL,12334375
METROPOLIS,207453880
MFML,10620275
MFSL,343298749
MGEL,329555600
MGL,98777779
MHRIL,201676778
MIDHANI,187340000
MIDWESTLTD,36160816
MIIL,21723750
MILKYMIST,769843411
MINDACORP,235360911
MINDTECK,31954221
MIRZAINT,138201900
MITCON,17418418
MITTAL,443900775
MKEXIM,40367250
MKPL,377227216
MMFL,48281600
MMP,25402613
MMTC,1500000000
MMWL,1132742219
MOBIKWIK,78746917
MODINATUR,13306397
MODIRUBBER,25040532
MODIS,19591200
MODTHREAD,34775160
MOHITE,200997000
MOHITIND,14157575
MOIL,203485211
MOKSH,83748968
MOL,254314211
MOLBIO,115239996
MOLDTKPAC,33228914
MONARCH,79308338
MONEYBOXX,69809200
MONTECARLO,20732064
MOREPENLAB,547953699
MOSCHIP,194985955
MOTHERSON,10531231231
MOTILALOFS,602977213
MOTISONS,1137506600
MOTOGENFIN,39017730
MPHASIS,190817050
MPSLTD,16975533
MRF,4241143
MRPL,1752598777
MSL,10980158
MSPL,566796645
MSTCLTD,70400000
MSUMI,6631661898
MTNL,630000000
MUFIN,198162188
MUFTI,65394103
MUKANDLTD,144495563
MUKESHB,6970900
MUNJALAU,100000000
MUNJALSHOW,39995000
MURUDCERA,60545260
MUTHOOTCAP,16447533
MUTHOOTFIN,401468476
MUTHOOTMF,167766677
MVELECTRO,27282728
MVGJL,48847441
MWL,297006740
NACLIND,234243330
NAGREEKCAP,12615300
NAGREEKEXP,31249250
NAHARCAP,16746167
NAHARINDUS,43205581
NAHARPOLY,24587991
NAHARSPING,36065303
NAM-INDIA,640041982
NARMADA,75872798
NATCOPHARM,182380000
NATHBIOGEN,19030423
NATIONALUM,1836631787
NATIONSTD,20000000
NAUKRI,647737579
NAVA,283312597
NAVINFLUOR,51308114
NAVKARCORP,150519181
NAVNETEDUL,221213181
NAZARA,384696024
NBCC,2700000000
NBIFIN,2954850
NCC,627846588
NCLIND,45232790
NDGL,1000000
NDL,1441471680
NDLVENTURE,33671621
NDRAUTO,23855240
NDTV,112824717
NECLIFE,194260970
NELCAST,87243660
NELCO,22818400
NEOGEN,30042427
NEPHROPLUS,100559014
NESCO,70459960
NESTLEIND,1928314320
NETWEB,59447551
NETWORK18,1544487688
NEULANDLAB,12829889
NEWGEN,141351724
NEXTMEDIA,66892908
NFL,490578400
NGIL,17538052
NGLFINE,6178024
NH,203099835
NHPC,10045034805
NIACL,1648000000
NIBE,15501773
NIBL,24230650
NICCOPAR,46800000
NIITLTD,136993744
NIITMTS,137814443
NILAINFRA,393889200
NILASPACES,393889200
NILE,3001900
NILKAMAL,14972296
NIMBSPROJ,19318735
NINSYS,18576000
NIPPOBATRY,7500000
NIRAJ,59694340
NIRLON,90118040
NITCO,252576105
NITINSPIN,56220000
NITIRAJ,10251000
NITTAGELA,9079160
NIVABUPA,1849644703
NLCINDIA,1386636609
NMDC,8791817550
NOCIL,167024930
NOIDATOLL,186195002
NORBTEAEXP,15544100
NORTHARC,161796509
NOVAAGRI,90019813
NOVARTIND,24690797
NPST,20863500
NRAIL,17019100
NRBBEARING,96922600
NSIL,5136163
NSLNISP,2930605850
NTPC,9696666134
NTPCGREEN,8426329669
NUCLEUS,26325306
NUVAMA,184515689
NUVOCO,357156153
NYKAA,2865270707
OAL,33653576
OBCL,21082790
OBEROIRLTY,363602237
ODIGMA,31258450
ODYCORP,89498486
OFSS,87083127
OIL,1626607791
OLAELEC,4418680703
OLECTRA,82080737
OMAXAUTO,21441202
OMAXE,183654284
OMINFRAL,96303809
OMNI,123666020
ONEGLOBAL,20249071
ONEPOINT,262936776
ONESOURCE,114672891
ONGC,12580279206
ONIDA,369527844
ONIXSOLAR,36867926
ONWARDTEC,21939711
OPTIEMUS,90166450
OPTIFIN,74723000
ORCHASP,346425366
ORCHPHARMA,50719105
ORICONENT,157989688
ORIENTALTL,73507265
ORIENTBELL,14710476
ORIENTCEM,205459873
ORIENTCER,119639200
ORIENTELEC,213390128
ORIENTHOT,178599180
ORIENTPPR,212185502
ORIENTTECH,45805916
ORIRAIL,67059000
ORISSAMINE,6000000
ORKLAINDIA,136989231
ORTINGLOBE,8131392
OSWALAGRO,134546950
OSWALGREEN,256809160
OSWALPUMPS,114004897
OSWALSEEDS,91470000
PACEDIGITK,215851327
PACIFICI,6892650
PAGEIND,11153874
PAISALO,914149114
PAKKA,47668100
PALASHSECU,10003102
PALREDTEC,12232566
PANACEABIO,61250746
PANAMAPET,60493598
PANORAMA,260535625
PANSARI,17446800
PARACABLES,327239473
PARADEEP,1038520250
PARAGMILK,126508539
PARAS,80587330
PARASPETRO,334221000
PARKHOSPS,431930865
PARKHOTELS,213374246
PASHUPATI,157840000
PASUPTAC,89133121
PATANJALI,1087879698
PATELENG,955047697
PATELRMART,33400528
PAUSHAKLTD,24656912
PAVNAIND,139530000
PAYTM,639407626
PBMPOLY,6879020
PCBL,393462604
PCJEWELLER,9752134855
PDMJEPAPER,94950000
PDSL,141237401
PEARLPOLY,16834932
PENIND,134946231
PENINLAND,331728220
PERSISTENT,156231044
PETRONET,1500000088
PFC,3300101760
PFIZER,45747732
PFOCUS,778773880
PFS,642283335
PGEL,286496708
PGHH,32460736
PGHL,16599382
PGIL,92381084
PHOENIXLTD,357677858
PHOENXINTL,16789560
PICCADIL,98571508
PIDILITIND,1018540168
PIGL,21168900
PIIND,151706138
PILANIINVS,11072250
PILITA,235000000
PINELABS,1153858090
PIONEEREMB,30815442
PIRAMALFIN,236146178
PITTIENG,36913588
PIXTRANS,13625200
PLASTIBLEN,25989200
PLATIND,54924873
PLAZACABLE,43752078
PML,3084000
PNB,11492943268
PNBGILTS,180010134
PNBHOUSING,260803913
PNC,14467000
PNCINFRA,256539165
PNGJL,147202585
PNGSREVA,31698400
POCL,76278198
PODDARMENT,10610000
POEL,30835393
POKARNA,31004000
POLICYBZR,462099887
POLYCAB,150635053
POLYMED,101361465
POLYPLEX,31392462
PONNIERODE,8598418
POONAWALLA,875866912
POWERGRID,9300603819
POWERICA,126551877
POWERINDIA,44572363
POWERMECH,31616292
PPLPHARMA,1325018448
PRABHA,156086692
PRAENG,69935791
PRAJIND,183813088
PRAKASH,179081839
PRAKASHSTL,175000390
PRASOLCHEM,59183431
PRAVEG,26140695
PRAXIS,185812210
PRECAM,94985835
PRECOT,12000000
PRECWIRE,182807975
PREMEXPLN,53784143
PREMIERENE,451446522
PREMIERPOL,104742475
PRESTIGE,430730232
PRICOLLTD,121881498
PRIMESECU,33960325
PRIMO,242343220
PRINCEPIPE,110582248
PRITI,13353329
PRIVISCL,39062706
PROSTARM,58874592
PROTEAN,40779165
PROZONER,152602883
PRSMJOHNSN,503356580
PRUDENT,41406680
PSB,7095585220
PSPPROJECT,39641791
PTC,296008321
PTCIL,14992549
PTL,132377000
PUNJABCHEM,12262185
PURVA,237149686
PVP,260403681
PVRINOX,98199962
PVSL,71198198
PWL,2900900000
PYRAMID,36879916
QPOWER,77444100
QUADFUTURE,40000000
QUESS,149385918
QUICKHEAL,54273580
QUINT,47208008
RACE,17257200
RACLGEAR,11808915
RADAAN,54161540
RADIANTCMS,106707906
RADICO,133982398
RADIOCITY,351344170
RAILTEL,320938407
RAIN,336345679
RAINBOW,101450140
RAJMET,276480000
RAJPALAYAM,9220200
RAJRATAN,50771000
RAJSREESUG,33135606
RAJTV,51913344
RALLIS,194468890
RAMANEWS,150497721
RAMAPHO,35386426
RAMCOCEM,236292380
RAMCOIND,86841560
RAMCOSYS,37596664
RAMKY,69197791
RAMRAT,93349072
RANASUG,153567820
RANEHOLDIN,14277809
RATEGAIN,118425559
RATNAMANI,70092000
RATNAVEER,83926350
RAYMOND,66551431
RAYMONDLSL,60905789
RAYMONDREL,66551431
RBA,712078330
RBLBANK,1551642481
RCF,551688100
RECLTD,2633224000
REDINGTON,781774431
REDTAPE,552807600
REFEX,137228548
REGAAL,102993860
REGENCERAM,26441586
RELAXO,248938586
RELCHEMQ,7543563
RELIABLE,10320000
RELIANCE,13532472635
RELIGARE,344733742
RELTD,198561903
REMSONSIND,35068103
RENUKA,2128489773
REPCOHOME,62561362
REPRO,14345338
RESPONIND,266608544
RETAIL,8204600
RGL,107407721
RHETAN,796875000
RHIM,206501426
RHL,17291696
RICOAUTO,135285000
RIIL,15100000
RIR,79572400
RISHABH,38696972
RITCO,28470507
RITES,480603774
RKDL,24000000
RKEC,23990600
RKFORGE,181809483
RKSWAMY,50477241
RMC,10576850
RML,27637137
ROHLTD,27425215
ROLEXRINGS,262333120
ROML,14988684
ROSSARI,55394116
ROSSELLIND,37696475
ROSSTECH,37840264
ROTO,188911161
ROUTE,63003082
RPEL,45921950
RPGLIFE,16539015
RPOWER,4135770966
RPPINFRA,49585918
RPSGVENT,33086409
RPTECH,66405746
RRECL,26308400
RRIL,121214290
RRKABEL,113105505
RSL,83567659
RSSOFTWARE,25831212
RSYSTEMS,118495958
RTNINDIA,1380887604
RTNPOWER,5370105860
RTSPOWR,9168500
RUBFILA,54267529
RUBICON,165092124
RUBYMILLS,33440000
RUCHINFRA,236024942
RUCHIRA,29844985
RUDRA,100343828
RUPA,79544453
RUSHIL,293416820
RUSTOMJEE,126247473
RVHL,61325746
RVNL,2085020100
RVTH,3066943
S&SPOWER,12341550
SAATVIKGL,127105004
SAB,15210078
SADBHAV,171570800
SADBHIN,352225216
SAFARI,48997306
SAGARDEEP,17057400
SAGCEM,130707548
SAGILITY,4681328413
SAHLIBHFI,30888400
SAHYADRI,10946300
SAIL,4130525289
SAILIFE,212418216
SAIPARENT,44179232
SAKAR,21949910
SAKHTISUG,119017298
SAKSOFT,128529193
SAKUMA,1567718640
SALASAR,1747950290
SALONA,5262400
SALSTEEL,144766700
SALZERELEC,17682737
SAMBHAAV,191110840
SAMBHV,294671429
SAMHI,222359672
SAMMAANCAP,1148686844
SAMPANN,51110000
SANATHAN,84404059
SANDESH,7569421
SANDHAR,60335331
SANDUMA,486104814
SANGAMIND,49310016
SANGHVIMOV,86576000
SANOFI,23030622
SANOFICONR,23063488
SANSERA,62403568
SANSTAR,200268407
SAPPHIRE,321757988
SAPPL,8895217
SARDAEN,352381270
SAREGAMA,191959490
SARLAPOLY,79503000
SARVESHWAR,1231626469
SASKEN,15191491
SATIA,100000000
SATIN,109988019
SAURASHCEM,111287280
SAYAJIHOTL,17517977
SAYAJIIND,25280000
SBC,476190000
SBCL,57604200
SBFC,1108313067
SBGLP,173416440
SBICARD,951643098
SBIFUNDS,2036827612
SBILIFE,1003405073
SBIN,9230617586
SCHAEFFLER,156303670
SCHAND,35272192
SCHNEIDER,239104035
SCI,465799010
SCILAL,465799010
SCODATUBES,59908900
SDBL,207901312
SEAMECLTD,25514016
SECMARK,10960848
SECURKLOUD,33410605
SEDEMAC,44167500
SEIL,161000000
SEJALLTD,11724224
SEKURITIND,91105700
SEMAC,3117308
SENCO,163900959
SENORES,46053588
SEPC,1943322803
SERVOTECH,225845348
SESHAPAPER,63068140
SETL,199491662
SFL,109203314
SGFIN,65895000
SGIL,15535000
SGL,459304
SGLRES,250479800
SGMART,126074400
SGRL,12837620
SHADOWFAX,586730566
SHAH,1026374228
SHAILY,45995248
SHAKTIPUMP,123397965
SHALBY,107298755
SHANKARA,24249326
SHANKESH,147031420
SHANTI,11106000
SHANTIGEAR,76740309
SHANTIGOLD,76739471
SHARDACROP,90220495
SHARDAMOTR,57407706
SHAREINDIA,218825530
SHBAJRG,9000000
SHERVANI,2572973
SHILCTECH,11440200
SHILGRAVQ,6149800
SHILPAMED,195581816
SHIPROCKET,727577587
SHIVAAGRO,9993000
SHIVALIK,16032365
SHIVAMAUTO,132770795
SHIVAMILLS,8641808
SHIVATEX,13739152
SHIVAUM,13600400
SHK,138420801
SHOPERSTOP,110205662
SHRADHA,80997568
SHREDIGCEM,147914278
SHREECEM,36080748
SHREEJISPG,162918254
SHREEPUSHK,32337691
SHREERAMA,133468005
SHREYANIND,13824550
SHRIKRISH,28000000
SHRINGARMS,96432080
SHRIPISTON,46386272
SHRIRAMFIN,2353045034
SHRIRAMPPS,170654392
SHRJAGP,8758000
SHUKRAPHAR,440787440
SHYAMMETL,278326554
SHYAMTEL,11446530
SICAGEN,39571684
SIEL,13850000
SIEMENS,356120505
SIGACHI,382485375
SIGMA,102774980
SIGNATURE,140686026
SIGNPOST,53450000
SIL,64328941
SILGO,31985888
SILINV,10595860
SILVERTUC,126810000
SIMPLEXINF,79095346
SINCLAIR,51260000
SINDHUTRAD,1842383810
SINTERCOM,27527823
SIRCA,56932842
SIS,139575713
SIYSIL,45370088
SJS,32249529
SJVN,3929795175
SKFINDIA,49437963
SKFINDUS,49437963
SKIPPER,122160635
SKMEGGPROD,52725421
SKYGOLD,154873884
SKYWAYS,145343544
SMARTWORKS,114381076
SMCGLOBAL,209400000
SMLMAH,14471646
SMLT,13689750
SMSPHARMA,93652030
SNOWMAN,167212843
SOBHA,106953834
SOFTTECH,13842138
SOLARA,48250512
SOLARINDS,90490055
SOLARWORLD,86672654
SOLEX,10802489
SOMANYCERA,41012806
SOMATEX,33974177
SOMICONVEY,12159368
SONACOMS,624128424
SONAL,14738525
SONATSOFTW,276794469
SOTL,68560415
SOUTHBANK,2619301068
SOUTHWEST,32651422
SPAL,25138883
SPANDANA,88639506
SPARC,324521588
SPCENET,567736000
SPENCERS,90012009
SPIC,203640336
SPLIL,29353979
SPLPETRO,188041342
SPMLINFRA,84149923
SPORTKING,127270569
SRD,63966780
SRF,296406025
SRGHFL,15707588
SRHHYPOLTD,17164821
SRM,22948529
SRTL,39975000
SSDL,39599800
SSWL,157265105
STANLEY,57125663
STAR,92172715
STARCEMENT,404180417
STARHEALTH,588403502
STARPAPER,15608350
STARTECK,9910330
STCINDIA,60000000
STEELCAS,101200000
STEELCITY,15107095
STEELXIND,1275518412
STEL,18455405
STLNETWORK,488271779
STLSTRINF,8643000
STOVEKRAFT,33107321
STUDDS,39353400
STYL,161805826
STYLAMIND,16958736
STYLEBAAZA,76117353
STYRENIX,17596304
SUBEXLTD,554855308
SUBROS,65235750
SUDARCOLOR,23081798
SUDARSCHEM,79616857
SUDEEPPHRM,112948625
SUKHJITS,31244000
SULA,84447229
SUMEDHA,7984424
SUMEETINDS,526325680
SUMICHEM,499145736
SUMIT,47858753
SUMMITSEC,10946802
SUNCLAY,22046162
SUNDARAM,473877773
SUNDARMFIN,110217571
SUNDRMFAST,210128371
SUNDROP,37696853
SUNFLAG,180219448
SUNPHARMA,2399334970
SUNSHINE,31148784
SUNTECK,146842025
SUNTV,394084620
SUPERHOUSE,11025000
SUPRAJIT,137179346
SUPREME,38802562
SUPREMEIND,127081790
SUPREMEINF,97502760
SUPRIYA,80482800
SURAJEST,47945921
SURAJLTD,18364100
SURAKSHA,52080758
SURANASOL,49206600
SURANAT&P,135759963
SURYALAXMI,18805290
SURYAROSNI,217635896
SURYODAY,106296649
SUVEN,282562686
SUVIDHAA,212778457
SUYOG,11717120
SUZLON,13746422921
SVLL,11493700
SVPGLOB,126500000
SWANCORP,313456886
SWARAJENG,12149865
SWELECTES,15536238
SWIGGY,2620001701
SWSOLAR,233541391
SYMPHONY,68671400
SYNCOMF,940000000
SYNGENE,402503158
SYRMA,192624977
TAINWALCHM,9363863
TAJGVK,62701495
TAKE,146224984
TALBROAUTO,61728150
TANLA,132050724
TARACHAND,78824900
TARAPUR,19500011
TARC,295096335
TARIL,300165834
TARMAT,25064255
TARSONS,53206281
TASTYBITE,2566000
TATACAP,4216692745
TATACHEM,254756278
TATACOMM,285085643
TATACONSUM,989690012
TATAELXSI,62299561
TATAINVEST,505952960
TATAPOWER,3195339547
TATASTEEL,12474316070
TATATECH,406051830
TATVA,23392055
TBOTEK,106783982
TBZ,66730620
TCI,76831142
TCIEXP,38444165
TCIFINANCE,12872493
TCPLPACK,9080905
TCS,3618087518
TDPOWERSYS,313706860
TEAMGTY,8993149
TEAMLEASE,15281400
TECHM,885923456
TECHNOCRAF,39606200
TECHNOE,116299574
TECHNVISN,6275000
TECILCHEM,18963700
TEGA,75127698
TEJASNET,177866106
TEMBO,193551980
TENNIND,403604309
TERASOFT,12511875
TEXINFRA,127426590
TEXMOPIPES,29195000
TEXRAIL,406864572
TFCILTD,462977240
TFL,71651052
TGBHOTELS,29286400
TGVSL,107089800
THACKER,1087719
THAKDEV,9000000
THANGAMAYL,31082021
THEINVEST,52242217
THEJO,10847454
THELEELA,333957878
THEMISMED,92883618
THERMAX,112648671
THOMASCOOK,465981141
THOMASCOTT,14853530
THYROCARE,159161691
TI,247897900
TIGERLOGS,105725000
TIIL,22672798
TIINDIA,193572320
TIMETECHNO,493635379
TIMEX,100950000
TIMKEN,75218734
TINNARUBR,18015757
TIPSFILMS,4322886
TIPSMUSIC,127494474
TIRUMALCHM,120552774
TITAGARH,119881000
TITAN,887312335
TMB,158351454
TMCV,3682789352
TMPV,3682992140
TNPETRO,89971474
TNPL,69210600
TNTELE,45671400
TOKYOPLAST,9501400
TOLINS,39508831
TORNTPHARM,380367856
TORNTPOWER,503903543
TOUCHWOOD,11081246
TOYAMSL,577815000
TPLPLASTEH,78003000
TRACXN,106955079
TRANSRAILL,134256025
TRAVELFOOD,131710153
TREEHOUSE,42310724
TREJHARA,24116754
TREL,245695524
TRENT,533232301
TRF,11004412
TRIDENT,5095584070
TRIGYN,30785736
TRITURBINE,317898459
TRIVENI,220363016
TRU,118861871
TRUALT,85752591
TSFINV,220691839
TTKHLTCARE,14130333
TTKPRESTIG,136966384
TTL,258310944
TTML,1954927727
TUTIALKA,121835830
TVSELECT,18820065
TVSHLTD,20232104
TVSMOTOR,475226252
TVSSCS,441223777
TVSSRICHAK,7657050
TVTODAY,59668615
UBL,264405149
UCOBANK,12539558979
UDS,67535713
UEL,133397814
UFLEX,72211486
UFO,38824757
UGARSUGAR,112500000
UGROCAP,152815503
UJJIVANSFB,1951056342
ULTRACEMCO,294169635
ULTRAMAR,29200000
UMESLTD,26730911
UMIYA-MRO,18684602
UNICHEMLAB,70405750
UNIDT,20303126
UNIECOM,112379173
UNIENTER,139091698
UNIINFO,10693120
UNIMECH,50901997
UNIONBANK,7633605607
UNIPARTS,45123226
UNITDSPR,710055403
UNITECH,2616301047
UNITEDPOLY,229515500
UNITEDTEA,4996566
UNIVCABLES,34695381
UNOMINDA,577467206
UPL,845284163
URBANCO,1472540141
URJA,557206000
USHAMART,304400280
USK,55357142
UTIAMC,128540222
UTKARSHBNK,1779523684
UTLSOLAR,306901762
UTTAMSUGAR,38138120
V2RETAIL,364637550
VADILALIND,7187830
VADILENT,862668
VAIBHAVGBL,167702609
VAISHALI,130462130
VAKRANGEE,1083604307
VAML,3904155728
VARDMNPOLY,508419004
VARROC,152799335
VASCONEQ,231697111
VASWANI,32998624
VBL,3382494644
VEDAVAAG,23464200
VEDL,3904801732
VEDPOWER,3904155728
VEEDOL,16994860
VENKEYS,14087336
VENTIVE,233541609
VENUSPIPES,20716110
VERANDA,96506610
VERTOZ,85230000
VESUVIUS,202960800
VGCL,22907380
VGL,51528678
VGUARD,436891055
VHL,3191536
VIDHIING,49945000
VIDYAWIRES,212692307
VIJAYA,102997715
VIKASECO,1768706024
VIKASLIFE,1857668560
VIKRAMSOLR,362354381
VIKRAN,257911026
VIMTALABS,44699859
VINATIORGA,103740649
VINCOFE,145688409
VINDHYATEL,11850863
VINEETLAB,19206266
VINNY,465246622
VINYLINDIA,18337111
VIPCLOTHNG,90129519
VIPIND,142053696
VIRAT,14523339
VIRINCHI,112707372
VISACHROME,145789500
VISAKAIND,86404760
VISHAL,247610003
VISHNU,67315284
VISHWARAJ,217827700
VISL,3910388057
VITAL,23951100
VIVIANA,10042400
VIVIDHA,292700534
VIVOBIOT,22190628
VIYASH,441215420
VLEGOV,108451329
VLSFINANCE,31378663
VMART,79575390
VMM,4684808639
VMSTMT,49631210
VOEPL,34251071
VOGL,3904155728
VOLTAMP,10117120
VOLTAS,330884740
VPRPL,125141156
VRAJ,32982620
VRLLOG,174936990
VSSL,96685678
VSTIND,169543660
VSTL,18962443
VSTTILLERS,8652754
VTL,289475800
VTMLTD,100569000
WAAREEENER,287651335
WAAREEINDO,41603691
WAAREERTL,104379217
WABAG,62491568
WAKEFIT,331645219
WALCHANNAG,67904532
WANBURY,34966928
WATERBASE,41426779
WCIL,101955213
WEALTH,10655000
WEBELSOLAR,434163470
WEIZMANIND,15493852
WEL,134008000
WELCORP,263703928
WELENT,135613810
WELSPUNLIV,948060014
WENDT,2000000
WESTLIFE,155215762
WEWIN,10161000
WEWORK,138870213
WHBRADY,2550000
WHEELS,24433012
WHIRLPOOL,126920341
WILLAMAGOR,10956360
WINDLAS,20636229
WINDMACHIN,103459417
WIPL,8487340
WIPRO,9893340252
WOCKPHARMA,162492169
WONDERLA,63422766
WORTHPERI,15751000
WSI,75895318
WSTCSTPAPR,66048908
XCHANGING,111403716
XELPMOC,14830721
XPROINDIA,23470391
XTGLOBAL,134123705
XTRANET,52285700
YASHO,12057095
YATHARTH,96354357
YATRA,156916193
YESBANK,31389067719
YUKEN,13584000
ZAGGLE,134717159
ZEEL,960519420
ZEELEARN,327731291
ZEEMEDIA,655428680
ZENITHEXPO,5396250
ZENITHSTL,142280448
ZENSARTECH,226799456
ZENTEC,89942636
ZFCVINDIA,113805504
ZFSTEERING,9073300
ZIMLAB,53658488
ZODIACLOTH,27458131
ZOTA,34632587
ZSARACOM,1095928
ZUARI,42058006
ZUARIIND,29781184
ZYDUSLIFE,997503832
ZYDUSWELL,318160720
